AALI,2020-01-24,0,12425,12025,12075,514300,6240960000,0,0,0,0
ABBA,2020-01-24,0,95,91,91,6832200,632904600,0,0,0,0
ABDA,2020-01-24,0,0,0,6800,0,0,0,0,0,0
ABMM,2020-01-24,0,0,0,1480,0,0,0,0,0,0
ACES,2020-01-24,0,1645,1610,1630,2521300,4097416000,0,0,0,0
ACST,2020-01-24,0,970,935,965,1100,1049000,0,0,0,0
ADES,2020-01-24,0,1000,935,990,16600,16272500,0,0,0,0
ADHI,2020-01-24,0,1100,1085,1085,2544100,2774639000,0,0,0,0
ADMF,2020-01-24,0,10300,10200,10250,3700,38002500,0,0,0,0
ADMG,2020-01-24,0,178,172,175,146600,25566700,0,0,0,0
ADRO,2020-01-24,0,1395,1370,1380,14852500,20488712000,0,0,0,0
AGAR,2020-01-24,0,390,388,388,197500,76824400,0,0,0,0
AGII,2020-01-24,0,605,600,600,155400,93546000,0,0,0,0
AGRO,2020-01-24,0,172,167,168,2099500,355058200,0,0,0,0
AGRS,2020-01-24,0,165,158,163,6700,1069800,0,0,0,0
AHAP,2020-01-24,0,65,59,59,2051300,123490900,0,0,0,0
AIMS,2020-01-24,0,0,0,180,0,0,0,0,0,0
AISA,2020-01-24,0,0,0,168,0,0,0,0,0,0
AKKU,2020-01-24,0,0,0,50,0,0,0,0,0,0
AKPI,2020-01-24,0,0,0,382,0,0,0,0,0,0
AKRA,2020-01-24,0,3540,3390,3490,17967600,61991121000,0,0,0,0
AKSI,2020-01-24,0,510,468,500,510900,240311100,0,0,0,0
ALDO,2020-01-24,0,406,398,406,79100,31646200,0,0,0,0
ALKA,2020-01-24,0,450,390,398,7800,3386800,0,0,0,0
ALMI,2020-01-24,0,350,348,348,200,69800,0,0,0,0
ALTO,2020-01-24,0,374,374,374,14000000,5236000000,0,0,0,0
AMAG,2020-01-24,0,0,0,304,0,0,0,0,0,0
AMAR,2020-01-24,0,545,496,505,2030300,1041614000,0,0,0,0
AMFG,2020-01-24,0,3330,3300,3320,36100,119678000,0,0,0,0
AMIN,2020-01-24,0,380,356,356,10100,3758600,0,0,0,0
AMOR,2020-01-24,0,2740,2670,2720,696300,1892803000,0,0,0,0
AMRT,2020-01-24,0,860,845,855,1700,1451500,0,0,0,0
ANDI,2020-01-24,0,50,50,50,118000,5900000,0,0,0,0
ANJT,2020-01-24,0,870,870,870,100,87000,0,0,0,0
ANTM,2020-01-24,0,790,775,785,25277000,19806495000,0,0,0,0
APEX,2020-01-24,0,268,268,268,100,26800,0,0,0,0
APIC,2020-01-24,0,710,700,700,421400,296856000,0,0,0,0
APII,2020-01-24,0,212,196,212,1400,285500,0,0,0,0
APLI,2020-01-24,0,169,168,168,175900,29556400,0,0,0,0
APLN,2020-01-24,0,165,160,160,9680000,1561022300,0,0,0,0
APOL,2020-01-24,0,0,0,50,0,0,0,0,0,0
APOL-W2,2020-01-24,0,0,0,29,0,0,0,0,0,0
ARGO,2020-01-24,0,0,0,825,0,0,0,0,0,0
ARII,2020-01-24,0,735,550,735,83600,56572500,0,0,0,0
ARKA,2020-01-24,0,2010,1990,2010,1022500,2039616000,0,0,0,0
ARMY,2020-01-24,0,0,0,50,0,0,0,0,0,0
ARNA,2020-01-24,0,432,428,428,620700,266907800,0,0,0,0
ARTA,2020-01-24,0,340,340,340,100,34000,0,0,0,0
ARTI,2020-01-24,0,0,0,50,0,0,0,0,0,0
ARTO,2020-01-24,0,3350,3250,3290,12600,41607000,0,0,0,0
ASBI,2020-01-24,0,212,212,212,100,21200,0,0,0,0
ASDM,2020-01-24,0,0,0,1080,0,0,0,0,0,0
ASGR,2020-01-24,0,995,985,985,6500,6430000,0,0,0,0
ASII,2020-01-24,0,7050,6975,6975,13710000,96106825000,0,0,0,0
ASJT,2020-01-24,0,125,120,125,103400,12828300,0,0,0,0
ASMI,2020-01-24,0,1295,1280,1290,217100,279347000,0,0,0,0
ASRI,2020-01-24,0,218,212,212,3271400,701116800,0,0,0,0
ASRM,2020-01-24,0,2020,2020,2020,100,202000,0,0,0,0
ASSA,2020-01-24,0,620,605,610,3923400,2400979000,0,0,0,0
ATIC,2020-01-24,0,0,0,710,0,0,0,0,0,0
AUTO,2020-01-24,0,1250,1240,1240,190600,237074500,0,0,0,0
BABP,2020-01-24,0,50,50,50,10200,510000,0,0,0,0
BABP-W3,2020-01-24,0,0,0,36,0,0,0,0,0,0
BABP-W4,2020-01-24,0,13,12,13,483900,5809600,0,0,0,0
BACA,2020-01-24,0,310,308,308,535200,164959800,0,0,0,0
BACA-W2,2020-01-24,0,0,0,100,0,0,0,0,0,0
BAJA,2020-01-24,0,97,80,83,18974500,1698555500,0,0,0,0
BALI,2020-01-24,0,1050,975,1000,9900,9803500,0,0,0,0
BAPA,2020-01-24,0,61,61,61,33020200,2014232200,0,0,0,0
BAPI,2020-01-24,0,50,50,50,3400,170000,0,0,0,0
BAPI-W,2020-01-24,0,6,5,5,10948400,58170300,0,0,0,0
BATA,2020-01-24,0,0,0,595,0,0,0,0,0,0
BAYU,2020-01-24,0,0,0,1075,0,0,0,0,0,0
BBCA,2020-01-24,0,34400,34050,34050,13930700,475665060000,0,0,0,0
BBHI,2020-01-24,0,0,0,118,0,0,0,0,0,0
BBKP,2020-01-24,0,238,230,232,1737300,405459000,0,0,0,0
BBLD,2020-01-24,0,0,0,416,0,0,0,0,0,0
BBMD,2020-01-24,0,0,0,2380,0,0,0,0,0,0
BBNI,2020-01-24,0,7775,7600,7700,17851000,137807427500,0,0,0,0
BBRI,2020-01-24,0,4750,4680,4740,96017400,453980997000,0,0,0,0
BBRM,2020-01-24,0,0,0,50,0,0,0,0,0,0
BBTN,2020-01-24,0,2090,2020,2070,13231800,27259024000,0,0,0,0
BBYB,2020-01-24,0,274,268,270,462000,125027000,0,0,0,0
BCAP,2020-01-24,0,140,135,139,61300,8529500,0,0,0,0
BCIC,2020-01-24,0,0,0,450,0,0,0,0,0,0
BCIP,2020-01-24,0,50,50,50,314000,15700000,0,0,0,0
BDMN,2020-01-24,0,3920,3830,3830,1733200,6690605000,0,0,0,0
BEEF,2020-01-24,0,416,408,412,949600,389561600,0,0,0,0
BEEF-W,2020-01-24,0,55,50,53,694500,36049700,0,0,0,0
BEKS,2020-01-24,0,50,50,50,2100,105000,0,0,0,0
BELL,2020-01-24,0,535,535,535,188700,100954500,0,0,0,0
BEST,2020-01-24,0,196,189,190,4097000,777635200,0,0,0,0
BFIN,2020-01-24,0,565,555,555,61300,34042000,0,0,0,0
BGTG,2020-01-24,0,60,59,60,632000,37605700,0,0,0,0
BHIT,2020-01-24,0,67,65,65,2791200,184091500,0,0,0,0
BIKA,2020-01-24,0,195,161,179,10600,1733900,0,0,0,0
BIMA,2020-01-24,0,0,0,50,0,0,0,0,0,0
BINA,2020-01-24,0,895,880,880,20200,17891000,0,0,0,0
BIPI,2020-01-24,0,50,50,50,20600,1030000,0,0,0,0
BIPI-W,2020-01-24,0,10,8,9,13386600,110619200,0,0,0,0
BIPP,2020-01-24,0,0,0,50,0,0,0,0,0,0
BIPP-W2,2020-01-24,0,0,0,1,0,0,0,0,0,0
BIRD,2020-01-24,0,2580,2550,2550,107700,275762000,0,0,0,0
BISI,2020-01-24,0,1020,1000,1020,33800,34061000,0,0,0,0
BJBR,2020-01-24,0,1090,1035,1085,7507100,7985685000,0,0,0,0
BJTM,2020-01-24,0,645,625,645,4871300,3112777500,0,0,0,0
BKDP,2020-01-24,0,58,58,58,8000,464000,0,0,0,0
BKSL,2020-01-24,0,73,71,71,26308800,1884726500,0,0,0,0
BKSL-W,2020-01-24,0,16,16,16,2932900,46926400,0,0,0,0
BKSW,2020-01-24,0,0,0,157,0,0,0,0,0,0
BLTA,2020-01-24,0,0,0,50,0,0,0,0,0,0
BLTZ,2020-01-24,0,0,0,4840,0,0,0,0,0,0
BLUE,2020-01-24,0,500,490,494,379400,187261600,0,0,0,0
BMAS,2020-01-24,0,340,300,326,15900,4861600,0,0,0,0
BMRI,2020-01-24,0,8000,7725,7925,77351000,611607582500,0,0,0,0
BMSR,2020-01-24,0,110,109,110,82900,9096100,0,0,0,0
BMTR,2020-01-24,0,360,348,348,13097400,4610199600,0,0,0,0
BNBA,2020-01-24,0,328,312,318,375200,119154800,0,0,0,0
BNBR,2020-01-24,0,50,50,50,30000,1500000,0,0,0,0
BNGA,2020-01-24,0,960,930,950,2078000,1966276000,0,0,0,0
BNII,2020-01-24,0,206,202,202,127300,25826200,0,0,0,0
BNLI,2020-01-24,0,1220,1200,1220,9280300,11166698000,0,0,0,0
BOGA,2020-01-24,0,1355,1355,1355,31000,42005000,0,0,0,0
BOLA,2020-01-24,0,280,258,280,401800,111310200,0,0,0,0
BOLT,2020-01-24,0,860,855,855,103000,88189500,0,0,0,0
BOSS,2020-01-24,0,179,170,172,3255500,566603200,0,0,0,0
BPFI,2020-01-24,0,0,0,1310,0,0,0,0,0,0
BPII,2020-01-24,0,0,0,10000,0,0,0,0,0,0
BPTR,2020-01-24,0,95,86,92,113200,9939800,0,0,0,0
BRAM,2020-01-24,0,0,0,8600,0,0,0,0,0,0
BRIS,2020-01-24,0,314,308,312,4690200,1456798200,0,0,0,0
BRMS,2020-01-24,0,51,50,50,39757300,1988348500,0,0,0,0
BRNA,2020-01-24,0,0,0,1030,0,0,0,0,0,0
BRPT,2020-01-24,0,1380,1345,1375,52390300,71642560500,0,0,0,0
BRPT-W,2020-01-24,0,0,0,1150,0,0,0,0,0,0
BSDE,2020-01-24,0,1220,1180,1185,3534400,4214047000,0,0,0,0
BSIM,2020-01-24,0,0,0,530,0,0,0,0,0,0
BSIM-W3,2020-01-24,0,0,0,40,0,0,0,0,0,0
BSSR,2020-01-24,0,0,0,1880,0,0,0,0,0,0
BSWD,2020-01-24,0,0,0,1750,0,0,0,0,0,0
BTEK,2020-01-24,0,50,50,50,2200,110000,0,0,0,0
BTEL,2020-01-24,0,0,0,50,0,0,0,0,0,0
BTON,2020-01-24,0,199,199,199,4400,875600,0,0,0,0
BTPN,2020-01-24,0,3110,3080,3110,4400,13575000,0,0,0,0
BTPS,2020-01-24,0,4960,4700,4890,2691600,13138626000,0,0,0,0
BUDI,2020-01-24,0,100,99,99,520400,51887700,0,0,0,0
BUKK,2020-01-24,0,1400,1400,1400,100,140000,0,0,0,0
BULL,2020-01-24,0,186,175,176,63494600,11296729000,0,0,0,0
BULL-W,2020-01-24,0,85,78,78,2893700,228656900,0,0,0,0
BULL-W2,2020-01-24,0,31,25,27,3791500,105225600,0,0,0,0
BUMI,2020-01-24,0,62,55,56,483738900,28269994400,0,0,0,0
BUVA,2020-01-24,0,58,58,58,27500,1595000,0,0,0,0
BVIC,2020-01-24,0,77,70,73,2693000,193081900,0,0,0,0
BWPT,2020-01-24,0,138,130,133,24011500,3187140100,0,0,0,0
BYAN,2020-01-24,0,15200,15175,15200,10500,159562500,0,0,0,0
CAKK,2020-01-24,0,64,61,63,2475300,154976200,0,0,0,0
CAKK-W,2020-01-24,0,22,20,21,1074400,22509900,0,0,0,0
CAMP,2020-01-24,0,350,346,350,698500,243070600,0,0,0,0
CANI,2020-01-24,0,159,159,159,6200,985800,0,0,0,0
CARS,2020-01-24,0,127,108,120,4187800,478835300,0,0,0,0
CASA,2020-01-24,0,416,414,416,508200,211394800,0,0,0,0
CASA-W,2020-01-24,0,0,0,142,0,0,0,0,0,0
CASS,2020-01-24,0,555,520,555,900,486000,0,0,0,0
CCSI,2020-01-24,0,268,258,262,740400,192437000,0,0,0,0
CEKA,2020-01-24,0,1570,1550,1570,24300,37787500,0,0,0,0
CENT,2020-01-24,0,77,75,76,258300,19580500,0,0,0,0
CFIN,2020-01-24,0,260,256,256,172400,44350000,0,0,0,0
CINT,2020-01-24,0,274,254,254,127800,34464600,0,0,0,0
CITA,2020-01-24,0,0,0,2000,0,0,0,0,0,0
CITY,2020-01-24,0,0,0,128,0,0,0,0,0,0
CITY-W,2020-01-24,0,37,33,33,121200,4076400,0,0,0,0
CKRA,2020-01-24,0,0,0,76,0,0,0,0,0,0
CLAY,2020-01-24,0,2880,2380,2700,98900,269286000,0,0,0,0
CLEO,2020-01-24,0,500,492,494,5670200,2823681200,0,0,0,0
CLPI,2020-01-24,0,760,760,760,1200,912000,0,0,0,0
CMNP,2020-01-24,0,0,0,2000,0,0,0,0,0,0
CMPP,2020-01-24,0,0,0,184,0,0,0,0,0,0
CNKO,2020-01-24,0,50,50,50,200,10000,0,0,0,0
CNTB,2020-01-24,0,0,0,250,0,0,0,0,0,0
CNTX,2020-01-24,0,340,330,330,115200,38017000,0,0,0,0
COCO,2020-01-24,0,855,845,855,419100,356234500,0,0,0,0
COCO-W,2020-01-24,0,0,0,464,0,0,0,0,0,0
COWL,2020-01-24,0,50,50,50,10000,500000,0,0,0,0
CPIN,2020-01-24,0,7300,7150,7175,2200000,15875245000,0,0,0,0
CPRI,2020-01-24,0,50,50,50,1100,55000,0,0,0,0
CPRI-W,2020-01-24,0,24,22,23,4100,94200,0,0,0,0
CPRO,2020-01-24,0,50,50,50,5700,285000,0,0,0,0
CSAP,2020-01-24,0,440,438,438,221700,97335600,0,0,0,0
CSIS,2020-01-24,0,93,86,89,44500,3921400,0,0,0,0
CSRA,2020-01-24,0,444,404,444,7139800,2991485200,0,0,0,0
CTBN,2020-01-24,0,0,0,3150,0,0,0,0,0,0
CTRA,2020-01-24,0,1000,980,990,10754000,10661362500,0,0,0,0
CTTH,2020-01-24,0,72,64,65,1299800,89453200,0,0,0,0
DART,2020-01-24,0,0,0,310,0,0,0,0,0,0
DAYA,2020-01-24,0,280,262,262,4400,1154600,0,0,0,0
DEAL,2020-01-24,0,159,151,152,10018200,1546686500,0,0,0,0
DEAL-W,2020-01-24,0,0,0,25,0,0,0,0,0,0
DEFI,2020-01-24,0,1895,1890,1895,50400,95406000,0,0,0,0
DEWA,2020-01-24,0,50,50,50,300,15000,0,0,0,0
DFAM,2020-01-24,0,400,392,400,103500,41090000,0,0,0,0
DFAM-W,2020-01-24,0,0,0,21,0,0,0,0,0,0
DGIK,2020-01-24,0,50,50,50,1000,50000,0,0,0,0
DIGI,2020-01-24,0,1720,1720,1720,200,344000,0,0,0,0
DILD,2020-01-24,0,306,304,304,171600,52266400,0,0,0,0
DIVA,2020-01-24,0,2560,2450,2540,340500,856428000,0,0,0,0
DKFT,2020-01-24,0,136,132,132,4333900,574683700,0,0,0,0
DLTA,2020-01-24,0,0,0,6500,0,0,0,0,0,0
DMAS,2020-01-24,0,286,270,280,30406800,8486965200,0,0,0,0
DMMX,2020-01-24,0,230,216,216,7637900,1724865400,0,0,0,0
DMND,2020-01-24,0,1600,1350,1350,5645200,8007061500,0,0,0,0
DNAR,2020-01-24,0,0,0,260,0,0,0,0,0,0
DNET,2020-01-24,0,3060,3060,3060,2500,7650000,0,0,0,0
DOID,2020-01-24,0,260,254,256,3069500,785384200,0,0,0,0
DPNS,2020-01-24,0,0,0,282,0,0,0,0,0,0
DPUM,2020-01-24,0,108,99,99,23409600,2418424600,0,0,0,0
DSFI,2020-01-24,0,100,96,99,47700,4580000,0,0,0,0
DSNG,2020-01-24,0,442,428,440,1384500,607332200,0,0,0,0
DSSA,2020-01-24,0,0,0,15475,0,0,0,0,0,0
DUCK,2020-01-24,0,1240,1190,1200,12729300,15307200500,0,0,0,0
DUTI,2020-01-24,0,0,0,4990,0,0,0,0,0,0
DVLA,2020-01-24,0,2180,2180,2180,200,436000,0,0,0,0
DWGL,2020-01-24,0,268,250,266,29700,7818400,0,0,0,0
DWGL-W,2020-01-24,0,85,66,70,1436100,102196600,0,0,0,0
DYAN,2020-01-24,0,81,73,75,67425900,5239957900,0,0,0,0
EAST,2020-01-24,0,98,92,95,3150700,301341800,0,0,0,0
EAST-W,2020-01-24,0,17,15,15,20577900,326750600,0,0,0,0
ECII,2020-01-24,0,0,0,1010,0,0,0,0,0,0
EKAD,2020-01-24,0,1115,1100,1105,172200,189595000,0,0,0,0
ELSA,2020-01-24,0,292,282,284,5748700,1636580400,0,0,0,0
ELTY,2020-01-24,0,50,50,50,100,5000,0,0,0,0
EMDE,2020-01-24,0,222,222,222,30000,6660000,0,0,0,0
EMTK,2020-01-24,0,0,0,5650,0,0,0,0,0,0
ENRG,2020-01-24,0,50,50,50,1079600,53980000,0,0,0,0
ENVY,2020-01-24,0,442,400,428,18291900,7588021800,0,0,0,0
EPMT,2020-01-24,0,1825,1825,1825,5000,9125000,0,0,0,0
ERAA,2020-01-24,0,1730,1680,1710,8502800,14574456000,0,0,0,0
ERTX,2020-01-24,0,0,0,144,0,0,0,0,0,0
ESIP,2020-01-24,0,276,272,272,1454300,398570800,0,0,0,0
ESIP-W,2020-01-24,0,27,25,26,6120400,156511300,0,0,0,0
ESSA,2020-01-24,0,248,240,242,1465800,354797600,0,0,0,0
ESTI,2020-01-24,0,53,51,53,82300,4211400,0,0,0,0
ETWA,2020-01-24,0,63,59,59,138800,8318700,0,0,0,0
EXCL,2020-01-24,0,3270,3170,3190,4855800,15616485000,0,0,0,0
FAST,2020-01-24,0,2470,2470,2470,400,988000,0,0,0,0
FASW,2020-01-24,0,7250,7250,7250,400,2900000,0,0,0,0
FILM,2020-01-24,0,264,216,242,46743100,11500124800,0,0,0,0
FINN,2020-01-24,0,0,0,50,0,0,0,0,0,0
FIRE,2020-01-24,0,246,224,230,17489300,4081684200,0,0,0,0
FIRE-W,2020-01-24,0,0,0,990,0,0,0,0,0,0
FISH,2020-01-24,0,2760,2600,2600,1500,4092000,0,0,0,0
FITT,2020-01-24,0,90,81,86,600200,51383800,0,0,0,0
FITT-W,2020-01-24,0,73,60,70,645700,43276500,0,0,0,0
FMII,2020-01-24,0,0,0,470,0,0,0,0,0,0
FOOD,2020-01-24,0,111,108,110,97900,10636700,0,0,0,0
FORU,2020-01-24,0,0,0,108,0,0,0,0,0,0
FORZ,2020-01-24,0,50,50,50,1400,70000,0,0,0,0
FORZ-W,2020-01-24,0,0,0,610,0,0,0,0,0,0
FPNI,2020-01-24,0,96,92,95,5170500,489236700,0,0,0,0
FREN,2020-01-24,0,127,123,123,19852900,2481782300,0,0,0,0
FREN-W,2020-01-24,0,77,70,73,109700,8055700,0,0,0,0
FUJI,2020-01-24,0,112,105,105,7122700,790500300,0,0,0,0
GAMA,2020-01-24,0,50,50,50,52077600,2603880000,0,0,0,0
GDST,2020-01-24,0,96,82,84,21538100,1939552600,0,0,0,0
GDYR,2020-01-24,0,0,0,2000,0,0,0,0,0,0
GEMA,2020-01-24,0,364,324,364,30200,10986800,0,0,0,0
GEMS,2020-01-24,0,0,0,2550,0,0,0,0,0,0
GGRM,2020-01-24,0,58300,57500,58300,865200,50192000000,0,0,0,0
GGRP,2020-01-24,0,550,460,484,32200,16136000,0,0,0,0
GHON,2020-01-24,0,1225,1225,1225,100,122500,0,0,0,0
GIAA,2020-01-24,0,428,408,412,22781100,9441478000,0,0,0,0
GJTL,2020-01-24,0,535,510,510,8567100,4411400000,0,0,0,0
GLOB,2020-01-24,0,408,350,350,8200,2881600,0,0,0,0
GLVA,2020-01-24,0,262,248,262,315600,81475000,0,0,0,0
GMFI,2020-01-24,0,129,121,124,31638200,3950766200,0,0,0,0
GMTD,2020-01-24,0,18900,18900,18900,1000,18900000,0,0,0,0
GOLD,2020-01-24,0,222,220,220,160500,35310200,0,0,0,0
GOLL,2020-01-24,0,0,0,50,0,0,0,0,0,0
GOOD,2020-01-24,0,1390,1335,1340,191300,260728000,0,0,0,0
GPRA,2020-01-24,0,63,59,62,2917000,177232500,0,0,0,0
GREN,2020-01-24,0,0,0,328,0,0,0,0,0,0
GSMF,2020-01-24,0,0,0,100,0,0,0,0,0,0
GTBO,2020-01-24,0,144,136,139,2100,289700,0,0,0,0
GWSA,2020-01-24,0,141,141,141,36300,5118300,0,0,0,0
GZCO,2020-01-24,0,50,50,50,500,25000,0,0,0,0
HADE,2020-01-24,0,0,0,50,0,0,0,0,0,0
HDFA,2020-01-24,0,112,112,112,100,11200,0,0,0,0
HDIT,2020-01-24,0,650,590,590,6900,4118500,0,0,0,0
HDTX,2020-01-24,0,0,0,120,0,0,0,0,0,0
HEAL,2020-01-24,0,3400,3290,3350,390000,1309171000,0,0,0,0
HELI,2020-01-24,0,190,180,180,700,131000,0,0,0,0
HELI-W,2020-01-24,0,0,0,14,0,0,0,0,0,0
HERO,2020-01-24,0,825,825,825,200,165000,0,0,0,0
HEXA,2020-01-24,0,3330,3220,3240,61900,200166000,0,0,0,0
HITS,2020-01-24,0,650,650,650,400,260000,0,0,0,0
HKMU,2020-01-24,0,197,185,185,602700,114569800,0,0,0,0
HMSP,2020-01-24,0,2190,2150,2160,19003500,41166041000,0,0,0,0
HOKI,2020-01-24,0,890,870,880,21543000,18889755000,0,0,0,0
HOKI-W,2020-01-24,0,620,620,620,50800,31496000,0,0,0,0
HOME,2020-01-24,0,50,50,50,900,45000,0,0,0,0
HOTL,2020-01-24,0,112,111,112,69860400,7824364400,0,0,0,0
HRME,2020-01-24,0,1065,1040,1045,26469900,27814188000,0,0,0,0
HRTA,2020-01-24,0,272,250,268,1058600,278230400,0,0,0,0
HRUM,2020-01-24,0,1350,1340,1350,854500,1152404500,0,0,0,0
IATA,2020-01-24,0,50,50,50,6000,300000,0,0,0,0
IBFN,2020-01-24,0,312,312,312,2100,655200,0,0,0,0
IBFN-W,2020-01-24,0,23,20,23,1000,22300,0,0,0,0
IBST,2020-01-24,0,0,0,6525,0,0,0,0,0,0
ICBP,2020-01-24,0,11700,11600,11700,1701000,19853460000,0,0,0,0
ICON,2020-01-24,0,72,71,71,34700,2474100,0,0,0,0
IDPR,2020-01-24,0,388,338,380,403800,149382000,0,0,0,0
IFII,2020-01-24,0,220,204,206,1555900,328240800,0,0,0,0
IFSH,2020-01-24,0,510,488,500,16200,8102700,0,0,0,0
IGAR,2020-01-24,0,326,300,300,3455100,1048826400,0,0,0,0
IIKP,2020-01-24,0,0,0,50,0,0,0,0,0,0
IKAI,2020-01-24,0,57,51,52,17934200,955506200,0,0,0,0
IKBI,2020-01-24,0,270,270,270,2500,675000,0,0,0,0
IMAS,2020-01-24,0,1095,1060,1080,676300,726869500,0,0,0,0
IMJS,2020-01-24,0,276,272,272,7700,2096200,0,0,0,0
IMPC,2020-01-24,0,1115,1105,1115,396800,441433500,0,0,0,0
INAF,2020-01-24,0,930,810,925,52374200,45865017500,0,0,0,0
INAI,2020-01-24,0,0,0,420,0,0,0,0,0,0
INCF,2020-01-24,0,51,50,50,63300,3165100,0,0,0,0
INCI,2020-01-24,0,420,418,420,19100,8020000,0,0,0,0
INCO,2020-01-24,0,3330,3280,3310,3588400,11850589000,0,0,0,0
INDF,2020-01-24,0,8250,8075,8200,2377300,19387805000,0,0,0,0
INDO,2020-01-24,0,198,146,198,21841400,4107442200,0,0,0,0
INDO-W,2020-01-24,0,108,77,100,31458800,3079850300,0,0,0,0
INDR,2020-01-24,0,2450,2410,2450,7200,17532000,0,0,0,0
INDS,2020-01-24,0,2220,2110,2110,8300,17860000,0,0,0,0
INDX,2020-01-24,0,0,0,54,0,0,0,0,0,0
INDY,2020-01-24,0,1110,1075,1085,1570200,1711838000,0,0,0,0
INKP,2020-01-24,0,8000,7925,7975,2239500,17855740000,0,0,0,0
INOV,2020-01-24,0,306,294,304,329200,98266800,0,0,0,0
INPC,2020-01-24,0,59,58,59,141400,8246500,0,0,0,0
INPC-W,2020-01-24,0,7,6,6,61600,386100,0,0,0,0
INPP,2020-01-24,0,980,890,975,3000,2735000,0,0,0,0
INPS,2020-01-24,0,4020,4000,4010,35200,141200000,0,0,0,0
INRU,2020-01-24,0,0,0,795,0,0,0,0,0,0
INTA,2020-01-24,0,450,434,450,127400,56834400,0,0,0,0
INTA-W,2020-01-24,0,0,0,180,0,0,0,0,0,0
INTD,2020-01-24,0,0,0,234,0,0,0,0,0,0
INTP,2020-01-24,0,18825,18600,18825,940900,17640887500,0,0,0,0
IPCC,2020-01-24,0,585,565,570,363700,207690500,0,0,0,0
IPCM,2020-01-24,0,170,168,168,6300,1060100,0,0,0,0
IPOL,2020-01-24,0,80,79,79,289900,23113100,0,0,0,0
IPTV,2020-01-24,0,416,404,408,3702900,1511324000,0,0,0,0
IPTV-W,2020-01-24,0,112,106,108,3272700,355056300,0,0,0,0
IRRA,2020-01-24,0,690,685,685,4820600,3302990500,0,0,0,0
ISAT,2020-01-24,0,2420,2330,2340,2596700,6122911000,0,0,0,0
ISSP,2020-01-24,0,188,183,184,5934800,1094282000,0,0,0,0
ITIC,2020-01-24,0,2640,2550,2590,15236500,39581574000,0,0,0,0
ITMA,2020-01-24,0,515,515,515,1000,515000,0,0,0,0
ITMA-W,2020-01-24,0,92,50,92,200,14200,0,0,0,0
ITMG,2020-01-24,0,11975,11700,11700,693100,8197682500,0,0,0,0
JAST,2020-01-24,0,1705,1650,1650,8771800,14816318000,0,0,0,0
JAWA,2020-01-24,0,0,0,89,0,0,0,0,0,0
JAYA,2020-01-24,0,91,75,88,804000,70680200,0,0,0,0
JAYA-W,2020-01-24,0,25,21,22,8232000,186732700,0,0,0,0
JECC,2020-01-24,0,5700,5700,5700,200,1140000,0,0,0,0
JGLE,2020-01-24,0,0,0,50,0,0,0,0,0,0
JIHD,2020-01-24,0,625,625,625,1200000,750000000,0,0,0,0
JKON,2020-01-24,0,0,0,490,0,0,0,0,0,0
JKSW,2020-01-24,0,0,0,60,0,0,0,0,0,0
JMAS,2020-01-24,0,0,0,835,0,0,0,0,0,0
JPFA,2020-01-24,0,1590,1570,1585,7090300,11217056000,0,0,0,0
JRPT,2020-01-24,0,575,565,570,6655000,3788685500,0,0,0,0
JSKY,2020-01-24,0,194,182,182,13076600,2439257700,0,0,0,0
JSMR,2020-01-24,0,5100,4930,5075,1580600,8002827500,0,0,0,0
JSPT,2020-01-24,0,0,0,1010,0,0,0,0,0,0
JTPE,2020-01-24,0,965,965,965,136500,131722500,0,0,0,0
KAEF,2020-01-24,0,1135,1065,1070,19257100,21207614500,0,0,0,0
KARW,2020-01-24,0,65,62,62,951500,60115800,0,0,0,0
KAYU,2020-01-24,0,86,79,79,10779300,881356800,0,0,0,0
KBLI,2020-01-24,0,482,474,478,3142400,1501605800,0,0,0,0
KBLM,2020-01-24,0,270,256,256,1500,391400,0,0,0,0
KBLV,2020-01-24,0,0,0,300,0,0,0,0,0,0
KBRI,2020-01-24,0,0,0,50,0,0,0,0,0,0
KDSI,2020-01-24,0,0,0,1150,0,0,0,0,0,0
KEEN,2020-01-24,0,438,420,428,1711200,731717200,0,0,0,0
KEJU,2020-01-24,0,840,830,830,64700,53872000,0,0,0,0
KIAS,2020-01-24,0,72,65,66,102500,7092800,0,0,0,0
KICI,2020-01-24,0,250,228,228,2100,481000,0,0,0,0
KIJA,2020-01-24,0,298,296,298,33700,9976600,0,0,0,0
KINO,2020-01-24,0,2940,2900,2920,843900,2472133000,0,0,0,0
KIOS,2020-01-24,0,420,380,380,3500,1428000,0,0,0,0
KIOS-W,2020-01-24,0,0,0,288,0,0,0,0,0,0
KJEN,2020-01-24,0,2020,2000,2010,99000,198630000,0,0,0,0
KKGI,2020-01-24,0,242,240,242,5600,1353000,0,0,0,0
KLBF,2020-01-24,0,1570,1540,1540,13044800,20237847500,0,0,0,0
KMTR,2020-01-24,0,0,0,316,0,0,0,0,0,0
KOBX,2020-01-24,0,119,114,116,574500,66671000,0,0,0,0
KOIN,2020-01-24,0,0,0,141,0,0,0,0,0,0
KONI,2020-01-24,0,580,580,580,400,232000,0,0,0,0
KOPI,2020-01-24,0,0,0,615,0,0,0,0,0,0
KOTA,2020-01-24,0,720,600,720,36364700,22624496000,0,0,0,0
KOTA-W,2020-01-24,0,400,320,396,983300,370578400,0,0,0,0
KPAL,2020-01-24,0,202,193,194,283200,55352300,0,0,0,0
KPAS,2020-01-24,0,67,63,64,1175000,75640600,0,0,0,0
KPAS-W,2020-01-24,0,28,27,28,382100,10483500,0,0,0,0
KPIG,2020-01-24,0,129,126,126,651700,82594200,0,0,0,0
KRAH,2020-01-24,0,1560,1560,1560,400,624000,0,0,0,0
KRAS,2020-01-24,0,278,270,272,4909500,1345405400,0,0,0,0
KREN,2020-01-24,0,478,470,474,33527200,15905563200,0,0,0,0
LAND,2020-01-24,0,825,825,825,10000,8250000,0,0,0,0
LAPD,2020-01-24,0,50,50,50,100,5000,0,0,0,0
LCGP,2020-01-24,0,0,0,114,0,0,0,0,0,0
LCKM,2020-01-24,0,344,330,340,36100,12270000,0,0,0,0
LEAD,2020-01-24,0,50,50,50,10000,500000,0,0,0,0
LIFE,2020-01-24,0,5800,5800,5800,200,1160000,0,0,0,0
LINK,2020-01-24,0,3860,3700,3710,633100,2377775000,0,0,0,0
LION,2020-01-24,0,494,494,494,100,49400,0,0,0,0
LMAS,2020-01-24,0,166,131,155,76131300,11372058000,0,0,0,0
LMPI,2020-01-24,0,96,88,96,10700,952700,0,0,0,0
LMSH,2020-01-24,0,448,338,338,3300,1458200,0,0,0,0
LPCK,2020-01-24,0,885,865,870,437500,381849000,0,0,0,0
LPGI,2020-01-24,0,0,0,3510,0,0,0,0,0,0
LPIN,2020-01-24,0,298,288,298,500,148000,0,0,0,0
LPKR,2020-01-24,0,242,230,236,78965900,18601626400,0,0,0,0
LPLI,2020-01-24,0,90,77,89,5400,421700,0,0,0,0
LPPF,2020-01-24,0,3910,3710,3710,5099200,19206393000,0,0,0,0
LPPS,2020-01-24,0,98,78,80,66900,5696700,0,0,0,0
LRNA,2020-01-24,0,190,157,180,315300,56524100,0,0,0,0
LSIP,2020-01-24,0,1255,1215,1215,5416600,6638035000,0,0,0,0
LTLS,2020-01-24,0,630,605,620,116200,72465000,0,0,0,0
LUCK,2020-01-24,0,620,565,565,7943500,4693196000,0,0,0,0
MABA,2020-01-24,0,0,0,50,0,0,0,0,0,0
MAGP,2020-01-24,0,0,0,50,0,0,0,0,0,0
MAIN,2020-01-24,0,935,920,925,944000,876884000,0,0,0,0
MAMI,2020-01-24,0,50,50,50,1909000,95450000,0,0,0,0
MAMI-W,2020-01-24,0,16,15,15,2551200,38631200,0,0,0,0
MAMIP,2020-01-24,0,0,0,600,0,0,0,0,0,0
MAPA,2020-01-24,0,4620,4510,4510,53600,246999000,0,0,0,0
MAPB,2020-01-24,0,1680,1660,1680,200,334000,0,0,0,0
MAPI,2020-01-24,0,1030,1000,1015,3827800,3888062000,0,0,0,0
MARI,2020-01-24,0,189,175,178,266200,46941400,0,0,0,0
MARK,2020-01-24,0,456,452,456,961900,435652800,0,0,0,0
MASA,2020-01-24,0,484,472,478,400,191400,0,0,0,0
MAYA,2020-01-24,0,0,0,9100,0,0,0,0,0,0
MBAP,2020-01-24,0,1960,1910,1915,11900,22971000,0,0,0,0
MBSS,2020-01-24,0,430,406,412,2332400,962859200,0,0,0,0
MBTO,2020-01-24,0,108,100,108,48000,4984000,0,0,0,0
MCAS,2020-01-24,0,2380,2300,2380,144500,343184000,0,0,0,0
MCOR,2020-01-24,0,134,126,126,1372100,174155600,0,0,0,0
MDIA,2020-01-24,0,50,50,50,1800,90000,0,0,0,0
MDKA,2020-01-24,0,1210,1185,1190,49770200,59740965500,0,0,0,0
MDKI,2020-01-24,0,193,171,192,861800,152165000,0,0,0,0
MDLN,2020-01-24,0,199,191,199,4218400,828951500,0,0,0,0
MDRN,2020-01-24,0,0,0,50,0,0,0,0,0,0
MEDC,2020-01-24,0,760,740,740,40689200,30464277000,0,0,0,0
MEDC-W,2020-01-24,0,169,163,168,463600,77399000,0,0,0,0
MEGA,2020-01-24,0,5150,5000,5000,1100,5515000,0,0,0,0
MERK,2020-01-24,0,2800,2620,2620,2400,6487000,0,0,0,0
META,2020-01-24,0,190,183,190,41000,7716500,0,0,0,0
MFIN,2020-01-24,0,1265,1250,1265,200,251500,0,0,0,0
MFMI,2020-01-24,0,470,444,470,8800,4043000,0,0,0,0
MGNA,2020-01-24,0,0,0,50,0,0,0,0,0,0
MGRO,2020-01-24,0,880,845,880,4239800,3684937000,0,0,0,0
MICE,2020-01-24,0,358,344,344,600,207800,0,0,0,0
MIDI,2020-01-24,0,1300,1270,1270,300,384000,0,0,0,0
MIKA,2020-01-24,0,2580,2500,2520,11812000,29924195000,0,0,0,0
MINA,2020-01-24,0,0,0,218,0,0,0,0,0,0
MIRA,2020-01-24,0,0,0,50,0,0,0,0,0,0
MITI,2020-01-24,0,0,0,51,0,0,0,0,0,0
MKNT,2020-01-24,0,50,50,50,100,5000,0,0,0,0
MKPI,2020-01-24,0,0,0,16200,0,0,0,0,0,0
MLBI,2020-01-24,0,15625,15625,15625,1000,15625000,0,0,0,0
MLIA,2020-01-24,0,555,525,525,2566200,1370067500,0,0,0,0
MLPL,2020-01-24,0,78,72,72,5590000,411625300,0,0,0,0
MLPT,2020-01-24,0,398,396,396,92500,36814800,0,0,0,0
MMLP,2020-01-24,0,185,171,179,424700,76076200,0,0,0,0
MNCN,2020-01-24,0,1720,1670,1690,18156800,30845994000,0,0,0,0
MOLI,2020-01-24,0,1050,1000,1050,10400,10909000,0,0,0,0
MPMX,2020-01-24,0,685,660,665,1340100,893177000,0,0,0,0
MPOW,2020-01-24,0,107,95,101,1563000,160276100,0,0,0,0
MPPA,2020-01-24,0,133,130,130,705000,92086600,0,0,0,0
MPRO,2020-01-24,0,2000,2000,2000,2400,4800000,0,0,0,0
MRAT,2020-01-24,0,167,154,154,2500,390700,0,0,0,0
MREI,2020-01-24,0,4250,4100,4250,22700,96275000,0,0,0,0
MSIN,2020-01-24,0,408,394,394,76300,30216600,0,0,0,0
MSKY,2020-01-24,0,1300,1300,1300,100,130000,0,0,0,0
MTDL,2020-01-24,0,1815,1800,1810,1730100,3126009500,0,0,0,0
MTFN,2020-01-24,0,50,50,50,1540300,77015000,0,0,0,0
MTLA,2020-01-24,0,0,0,496,0,0,0,0,0,0
MTPS,2020-01-24,0,550,550,550,100,55000,0,0,0,0
MTPS-W,2020-01-24,0,0,0,254,0,0,0,0,0,0
MTRA,2020-01-24,0,264,262,262,20100,5299600,0,0,0,0
MTSM,2020-01-24,0,210,190,208,27600,5383600,0,0,0,0
MTWI,2020-01-24,0,71,66,66,3823100,263553900,0,0,0,0
MYOH,2020-01-24,0,1220,1165,1215,1284600,1552297000,0,0,0,0
MYOR,2020-01-24,0,1980,1950,1960,1864300,3650737000,0,0,0,0
MYRX,2020-01-24,0,0,0,50,0,0,0,0,0,0
MYRXP,2020-01-24,0,0,0,50,0,0,0,0,0,0
MYTX,2020-01-24,0,64,51,56,86600,4801600,0,0,0,0
NASA,2020-01-24,0,630,510,560,91892000,50993248500,0,0,0,0
NASA-W,2020-01-24,0,0,0,700,0,0,0,0,0,0
NATO,2020-01-24,0,1395,1125,1135,41357400,47088309000,0,0,0,0
NATO-W,2020-01-24,0,900,900,900,300,270000,0,0,0,0
NELY,2020-01-24,0,0,0,134,0,0,0,0,0,0
NFCX,2020-01-24,0,2800,2800,2800,4300,12040000,0,0,0,0
NICK,2020-01-24,0,312,282,312,1500600,450183200,0,0,0,0
NIKL,2020-01-24,0,730,665,675,39714500,27875186500,0,0,0,0
NIPS,2020-01-24,0,0,0,282,0,0,0,0,0,0
NIRO,2020-01-24,0,140,127,140,163119200,21054708000,0,0,0,0
NISP,2020-01-24,0,0,0,835,0,0,0,0,0,0
NOBU,2020-01-24,0,950,945,945,800,758500,0,0,0,0
NRCA,2020-01-24,0,358,348,348,3464500,1212755000,0,0,0,0
NUSA,2020-01-24,0,50,50,50,3900,195000,0,0,0,0
NUSA-W,2020-01-24,0,6,5,6,2096300,11320300,0,0,0,0
NZIA,2020-01-24,0,600,550,585,9300,5350500,0,0,0,0
NZIA-W,2020-01-24,0,115,109,111,35300,3899700,0,0,0,0
OASA,2020-01-24,0,380,378,380,19500,7398000,0,0,0,0
OCAP,2020-01-24,0,150,141,141,33600,4904300,0,0,0,0
OKAS,2020-01-24,0,190,178,188,5600,1045900,0,0,0,0
OMRE,2020-01-24,0,1155,1095,1100,900,1020000,0,0,0,0
OPMS,2020-01-24,0,101,97,98,478200,46623700,0,0,0,0
PADI,2020-01-24,0,50,50,50,809900,40495000,0,0,0,0
PALM,2020-01-24,0,200,200,200,100,20000,0,0,0,0
PAMG,2020-01-24,0,147,140,145,49298800,7121430300,0,0,0,0
PANI,2020-01-24,0,100,92,100,10700,992000,0,0,0,0
PANR,2020-01-24,0,324,322,324,966900,313264800,0,0,0,0
PANS,2020-01-24,0,1350,1320,1340,14300,19212500,0,0,0,0
PBID,2020-01-24,0,1000,970,995,30800,29967000,0,0,0,0
PBRX,2020-01-24,0,278,262,270,535100,144265000,0,0,0,0
PBSA,2020-01-24,0,750,675,750,80200,54685000,0,0,0,0
PCAR,2020-01-24,0,344,288,288,42800,13254600,0,0,0,0
PDES,2020-01-24,0,900,900,900,500,450000,0,0,0,0
PEGE,2020-01-24,0,149,125,135,33400,4486500,0,0,0,0
PEHA,2020-01-24,0,1010,995,995,9000,9016500,0,0,0,0
PGAS,2020-01-24,0,1930,1880,1880,51592500,97489467000,0,0,0,0
PGJO,2020-01-24,0,100,91,98,266500,25052000,0,0,0,0
PGLI,2020-01-24,0,0,0,344,0,0,0,0,0,0
PICO,2020-01-24,0,750,605,740,50400,34471500,0,0,0,0
PJAA,2020-01-24,0,920,920,920,100000,92000000,0,0,0,0
PKPK,2020-01-24,0,75,57,62,10614700,717625800,0,0,0,0
PLAS,2020-01-24,0,0,0,50,0,0,0,0,0,0
PLIN,2020-01-24,0,0,0,3150,0,0,0,0,0,0
PMJS,2020-01-24,0,142,137,139,855600,118803800,0,0,0,0
PNBN,2020-01-24,0,1220,1185,1210,901800,1083975000,0,0,0,0
PNBS,2020-01-24,0,50,50,50,28500,1425000,0,0,0,0
PNIN,2020-01-24,0,1050,1030,1035,712600,737409000,0,0,0,0
PNLF,2020-01-24,0,274,270,270,3302800,894288600,0,0,0,0
PNSE,2020-01-24,0,0,0,414,0,0,0,0,0,0
POLA,2020-01-24,0,170,139,145,8962800,1362370000,0,0,0,0
POLA-W,2020-01-24,0,0,0,800,0,0,0,0,0,0
POLI,2020-01-24,0,1400,1400,1400,100,140000,0,0,0,0
POLL,2020-01-24,0,10525,10500,10525,225900,2374455000,0,0,0,0
POLU,2020-01-24,0,2140,2100,2130,1200,2527000,0,0,0,0
POLY,2020-01-24,0,53,52,53,329600,17150600,0,0,0,0
POOL,2020-01-24,0,0,0,156,0,0,0,0,0,0
POOL-W,2020-01-24,0,0,0,4010,0,0,0,0,0,0
PORT,2020-01-24,0,0,0,600,0,0,0,0,0,0
POSA,2020-01-24,0,50,50,50,9700,485000,0,0,0,0
POSA-W,2020-01-24,0,6,5,5,19191800,100665200,0,0,0,0
POWR,2020-01-24,0,955,930,935,478000,448399000,0,0,0,0
PPRE,2020-01-24,0,218,210,214,7985200,1712898800,0,0,0,0
PPRO,2020-01-24,0,60,57,59,57571900,3350318000,0,0,0,0
PRAS,2020-01-24,0,0,0,135,0,0,0,0,0,0
PRDA,2020-01-24,0,3700,3680,3700,1200,4436000,0,0,0,0
PRIM,2020-01-24,0,322,282,316,49500,15141800,0,0,0,0
PRIM-W,2020-01-24,0,32,29,30,30600,918900,0,0,0,0
PSAB,2020-01-24,0,274,260,268,91400500,24216774200,0,0,0,0
PSDN,2020-01-24,0,170,170,170,100,17000,0,0,0,0
PSGO,2020-01-24,0,168,160,166,253300,41816500,0,0,0,0
PSKT,2020-01-24,0,0,0,50,0,0,0,0,0,0
PSSI,2020-01-24,0,174,162,164,16000,2718300,0,0,0,0
PTBA,2020-01-24,0,2420,2350,2370,25342900,60322054000,0,0,0,0
PTIS,2020-01-24,0,100,100,100,2100,210000,0,0,0,0
PTPP,2020-01-24,0,1510,1485,1495,6402900,9574337000,0,0,0,0
PTRO,2020-01-24,0,1640,1575,1585,132900,211884000,0,0,0,0
PTSN,2020-01-24,0,254,244,244,24200,6028600,0,0,0,0
PTSP,2020-01-24,0,0,0,4550,0,0,0,0,0,0
PUDP,2020-01-24,0,0,0,326,0,0,0,0,0,0
PURE,2020-01-24,0,240,220,224,7990000,1840339000,0,0,0,0
PURE-W,2020-01-24,0,73,67,68,16656700,1168595800,0,0,0,0
PWON,2020-01-24,0,585,565,570,18055700,10400021500,0,0,0,0
PYFA,2020-01-24,0,0,0,200,0,0,0,0,0,0
PZZA,2020-01-24,0,1120,1055,1060,14600,15527000,0,0,0,0
R-ABFII,2020-01-24,0,0,0,28600,0,0,0,0,0,0
R-LQ45X,2020-01-24,0,0,0,1067,0,0,0,0,0,0
RAJA,2020-01-24,0,157,146,147,1413300,211876300,0,0,0,0
RALS,2020-01-24,0,1190,1155,1155,1555200,1808381500,0,0,0,0
RANC,2020-01-24,0,332,316,320,13700,4374800,0,0,0,0
RBMS,2020-01-24,0,76,73,73,659400,48835700,0,0,0,0
RDTX,2020-01-24,0,5500,5350,5350,1500,8175000,0,0,0,0
REAL,2020-01-24,0,422,400,416,4551400,1869748000,0,0,0,0
REAL-W,2020-01-24,0,29,26,27,64873200,1742328800,0,0,0,0
RELI,2020-01-24,0,175,130,170,13000,2252400,0,0,0,0
RICY,2020-01-24,0,0,0,155,0,0,0,0,0,0
RIGS,2020-01-24,0,206,206,206,10000,2060000,0,0,0,0
RIMO,2020-01-24,0,50,50,50,100,5000,0,0,0,0
RISE,2020-01-24,0,525,520,520,660000,345208000,0,0,0,0
RMBA,2020-01-24,0,342,304,304,58900,17945200,0,0,0,0
RODA,2020-01-24,0,58,54,55,2069000,116816800,0,0,0,0
ROTI,2020-01-24,0,1300,1275,1300,399000,515711000,0,0,0,0
RUIS,2020-01-24,0,0,0,222,0,0,0,0,0,0
SAFE,2020-01-24,0,208,202,208,402200,82242400,0,0,0,0
SAME,2020-01-24,0,216,196,206,683400,135984100,0,0,0,0
SAPX,2020-01-24,0,0,0,935,0,0,0,0,0,0
SATU,2020-01-24,0,73,66,73,198300,13918200,0,0,0,0
SCBD,2020-01-24,0,0,0,2700,0,0,0,0,0,0
SCCO,2020-01-24,0,9200,9100,9200,2100,19310000,0,0,0,0
SCMA,2020-01-24,0,1570,1535,1545,6772500,10580592500,0,0,0,0
SCPI,2020-01-24,0,0,0,29000,0,0,0,0,0,0
SDMU,2020-01-24,0,50,50,50,100,5000,0,0,0,0
SDPC,2020-01-24,0,135,112,123,9076500,1126484000,0,0,0,0
SDRA,2020-01-24,0,0,0,750,0,0,0,0,0,0
SFAN,2020-01-24,0,995,990,995,762300,754678000,0,0,0,0
SFAN-W,2020-01-24,0,0,0,635,0,0,0,0,0,0
SGRO,2020-01-24,0,2480,2480,2480,100,248000,0,0,0,0
SHID,2020-01-24,0,0,0,2700,0,0,0,0,0,0
SHIP,2020-01-24,0,755,745,750,544500,409097000,0,0,0,0
SIDO,2020-01-24,0,1240,1225,1230,834100,1027042000,0,0,0,0
SILO,2020-01-24,0,6800,6625,6750,379200,2566917500,0,0,0,0
SIMA,2020-01-24,0,50,50,50,100,5000,0,0,0,0
SIMP,2020-01-24,0,400,386,386,11316900,4400815000,0,0,0,0
SINI,2020-01-24,0,1685,1500,1650,1500,2283500,0,0,0,0
SINI-W,2020-01-24,0,645,630,635,107300,68637500,0,0,0,0
SIPD,2020-01-24,0,0,0,900,0,0,0,0,0,0
SKBM,2020-01-24,0,0,0,352,0,0,0,0,0,0
SKLT,2020-01-24,0,0,0,1610,0,0,0,0,0,0
SKRN,2020-01-24,0,550,466,466,129900,68686300,0,0,0,0
SKYB,2020-01-24,0,72,58,66,18908700,1252818100,0,0,0,0
SLIS,2020-01-24,0,4870,4780,4780,25000,120516000,0,0,0,0
SMAR,2020-01-24,0,3930,3860,3860,700,2716000,0,0,0,0
SMBR,2020-01-24,0,382,376,376,3490900,1318295000,0,0,0,0
SMCB,2020-01-24,0,1000,1000,1000,20200,20200000,0,0,0,0
SMDM,2020-01-24,0,124,112,124,10900,1254100,0,0,0,0
SMDR,2020-01-24,0,236,232,232,67200,15630400,0,0,0,0
SMGR,2020-01-24,0,13025,12800,12975,2011700,26069387500,0,0,0,0
SMKL,2020-01-24,0,228,224,228,300,67800,0,0,0,0
SMKL-W,2020-01-24,0,23,22,23,158300,3488300,0,0,0,0
SMMA,2020-01-24,0,0,0,15225,0,0,0,0,0,0
SMMT,2020-01-24,0,114,108,114,1000300,110033300,0,0,0,0
SMRA,2020-01-24,0,955,920,935,11264400,10505457000,0,0,0,0
SMRU,2020-01-24,0,0,0,50,0,0,0,0,0,0
SMSM,2020-01-24,0,1435,1420,1435,307300,438072000,0,0,0,0
SOCI,2020-01-24,0,164,161,162,2208000,357439500,0,0,0,0
SONA,2020-01-24,0,5275,5275,5275,100,527500,0,0,0,0
SOSS,2020-01-24,0,0,0,418,0,0,0,0,0,0
SOSS-W,2020-01-24,0,110,71,90,27900,2157000,0,0,0,0
SOTS,2020-01-24,0,228,228,228,200,45600,0,0,0,0
SOTS-W,2020-01-24,0,59,42,59,1100,47900,0,0,0,0
SPMA,2020-01-24,0,310,300,310,20200,6139200,0,0,0,0
SPTO,2020-01-24,0,865,850,860,1866200,1597627000,0,0,0,0
SQMI,2020-01-24,0,314,272,272,42753700,12704779600,0,0,0,0
SRAJ,2020-01-24,0,276,262,276,900,247000,0,0,0,0
SRIL,2020-01-24,0,254,248,250,4878200,1224617800,0,0,0,0
SRSN,2020-01-24,0,57,53,55,9991300,548923800,0,0,0,0
SRTG,2020-01-24,0,3730,3710,3720,25800,95974000,0,0,0,0
SSIA,2020-01-24,0,690,680,685,31790100,21837359500,0,0,0,0
SSMS,2020-01-24,0,815,795,810,35066400,28247862500,0,0,0,0
SSTM,2020-01-24,0,0,0,500,0,0,0,0,0,0
STAR,2020-01-24,0,160,155,155,93409900,14665338900,0,0,0,0
STTP,2020-01-24,0,4500,4500,4500,100,450000,0,0,0,0
SUGI,2020-01-24,0,0,0,50,0,0,0,0,0,0
SULI,2020-01-24,0,51,50,51,37600,1893500,0,0,0,0
SUPR,2020-01-24,0,0,0,3240,0,0,0,0,0,0
SURE,2020-01-24,0,3000,2920,3000,270300,810876000,0,0,0,0
SWAT,2020-01-24,0,96,90,90,886700,82086600,0,0,0,0
TALF,2020-01-24,0,0,0,252,0,0,0,0,0,0
TAMU,2020-01-24,0,312,296,298,16964300,5189114000,0,0,0,0
TARA,2020-01-24,0,0,0,198,0,0,0,0,0,0
TAXI,2020-01-24,0,0,0,50,0,0,0,0,0,0
TBIG,2020-01-24,0,1200,1180,1195,26748700,31880764500,0,0,0,0
TBLA,2020-01-24,0,920,885,885,706300,633118000,0,0,0,0
TBMS,2020-01-24,0,850,835,840,600,505000,0,0,0,0
TCID,2020-01-24,0,0,0,10375,0,0,0,0,0,0
TCPI,2020-01-24,0,7000,6800,7000,6175400,42407540000,0,0,0,0
TDPM,2020-01-24,0,236,224,228,27200,6296600,0,0,0,0
TEBE,2020-01-24,0,1820,1810,1815,2820000,5117402000,0,0,0,0
TELE,2020-01-24,0,260,248,248,27714400,6960075600,0,0,0,0
TFAS,2020-01-24,0,167,155,164,52100,8387200,0,0,0,0
TFCO,2020-01-24,0,700,525,525,7500,4017000,0,0,0,0
TGKA,2020-01-24,0,0,0,4900,0,0,0,0,0,0
TGRA,2020-01-24,0,124,114,114,8472800,1002430200,0,0,0,0
TIFA,2020-01-24,0,218,214,218,23200,5017600,0,0,0,0
TINS,2020-01-24,0,785,765,770,6292400,4884271500,0,0,0,0
TIRA,2020-01-24,0,300,280,296,5200,1536800,0,0,0,0
TIRT,2020-01-24,0,53,51,53,300,15700,0,0,0,0
TKIM,2020-01-24,0,10950,10675,10675,679200,7314980000,0,0,0,0
TLKM,2020-01-24,0,3930,3860,3920,58524000,228477732000,0,0,0,0
TMAS,2020-01-24,0,100,98,99,788700,78214900,0,0,0,0
TMPO,2020-01-24,0,0,0,155,0,0,0,0,0,0
TNCA,2020-01-24,0,0,0,266,0,0,0,0,0,0
TOBA,2020-01-24,0,370,350,370,10200,3770000,0,0,0,0
TOPS,2020-01-24,0,216,195,195,1895700,378494200,0,0,0,0
TOTL,2020-01-24,0,420,412,414,5012500,2070284400,0,0,0,0
TOTO,2020-01-24,0,264,258,260,231800,59913800,0,0,0,0
TOWR,2020-01-24,0,845,815,825,50246500,41612107000,0,0,0,0
TPIA,2020-01-24,0,9975,9775,9975,5988900,59199637500,0,0,0,0
TPMA,2020-01-24,0,288,286,288,10100,2908600,0,0,0,0
TRAM,2020-01-24,0,0,0,50,0,0,0,0,0,0
TRAM-W,2020-01-24,0,0,0,11,0,0,0,0,0,0
TRIL,2020-01-24,0,0,0,50,0,0,0,0,0,0
TRIM,2020-01-24,0,147,132,135,1700,231300,0,0,0,0
TRIN,2020-01-24,0,286,278,280,11518600,3223142400,0,0,0,0
TRIN-W,2020-01-24,0,107,102,102,625400,64915600,0,0,0,0
TRIO,2020-01-24,0,0,0,426,0,0,0,0,0,0
TRIS,2020-01-24,0,280,270,280,2658400,733052600,0,0,0,0
TRIS-W,2020-01-24,0,0,0,26,0,0,0,0,0,0
TRST,2020-01-24,0,0,0,380,0,0,0,0,0,0
TRUK,2020-01-24,0,99,95,95,457800,44069000,0,0,0,0
TRUS,2020-01-24,0,330,288,288,1100,335800,0,0,0,0
TSPC,2020-01-24,0,1355,1300,1350,75200,101206500,0,0,0,0
TUGU,2020-01-24,0,3440,3430,3430,1400,4806000,0,0,0,0
TURI,2020-01-24,0,910,905,905,539500,488248500,0,0,0,0
UCID,2020-01-24,0,1930,1880,1885,704500,1335511500,0,0,0,0
ULTJ,2020-01-24,0,1640,1540,1600,1932200,3095625000,0,0,0,0
UNIC,2020-01-24,0,3750,3750,3750,100,375000,0,0,0,0
UNIT,2020-01-24,0,0,0,181,0,0,0,0,0,0
UNSP,2020-01-24,0,100,97,99,16200,1606000,0,0,0,0
UNTR,2020-01-24,0,20500,20000,20200,6065000,122120275000,0,0,0,0
UNVR,2020-01-24,0,8325,8150,8175,7927900,65028847500,0,0,0,0
URBN,2020-01-24,0,1880,1835,1835,127100,235656500,0,0,0,0
URBN-W,2020-01-24,0,42,40,40,644900,25859700,0,0,0,0
VICO,2020-01-24,0,113,101,112,8900,964000,0,0,0,0
VINS,2020-01-24,0,120,114,118,494300,57851900,0,0,0,0
VINS-W,2020-01-24,0,13,12,12,557900,6714200,0,0,0,0
VIVA,2020-01-24,0,50,50,50,112271300,5613565000,0,0,0,0
VOKS,2020-01-24,0,274,264,264,37100,10031400,0,0,0,0
VRNA,2020-01-24,0,0,0,125,0,0,0,0,0,0
WAPO,2020-01-24,0,86,86,86,5500,473000,0,0,0,0
WEGE,2020-01-24,0,300,290,292,12329600,3619345400,0,0,0,0
WEHA,2020-01-24,0,151,149,151,2016500,302913000,0,0,0,0
WICO,2020-01-24,0,555,510,555,300,158000,0,0,0,0
WIIM,2020-01-24,0,156,142,153,952400,146687400,0,0,0,0
WIKA,2020-01-24,0,1970,1950,1960,4129000,8090692500,0,0,0,0
WINS,2020-01-24,0,117,117,117,1000,117000,0,0,0,0
WOMF,2020-01-24,0,270,268,268,142700,38258000,0,0,0,0
WOOD,2020-01-24,0,510,490,500,5780000,2878201200,0,0,0,0
WOWS,2020-01-24,0,165,153,156,892600,141770500,0,0,0,0
WSBP,2020-01-24,0,290,286,288,10930000,3142631200,0,0,0,0
WSKT,2020-01-24,0,1325,1290,1310,15981600,20922549000,0,0,0,0
WTON,2020-01-24,0,424,420,420,3031600,1275722000,0,0,0,0
XAFA,2020-01-24,0,1037,1037,1037,400,414800,0,0,0,0
XAQA,2020-01-24,0,0,0,963,0,0,0,0,0,0
XASG,2020-01-24,0,0,0,105,0,0,0,0,0,0
XBES,2020-01-24,0,0,0,1014,0,0,0,0,0,0
XBID,2020-01-24,0,0,0,533,0,0,0,0,0,0
XBIN,2020-01-24,0,0,0,495,0,0,0,0,0,0
XBLQ,2020-01-24,0,0,0,473,0,0,0,0,0,0
XBNI,2020-01-24,0,1126,1125,1126,400,450100,0,0,0,0
XBSK,2020-01-24,0,0,0,384,0,0,0,0,0,0
XCID,2020-01-24,0,77,75,77,2000,151900,0,0,0,0
XCIS,2020-01-24,0,105,105,105,4100,430500,0,0,0,0
XCLQ,2020-01-24,0,0,0,104,0,0,0,0,0,0
XDIF,2020-01-24,0,0,0,502,0,0,0,0,0,0
XIHD,2020-01-24,0,0,0,510,0,0,0,0,0,0
XIIC,2020-01-24,0,0,0,1142,0,0,0,0,0,0
XIIF,2020-01-24,0,628,627,628,200,125500,0,0,0,0
XIIT,2020-01-24,0,578,572,578,3300,1894600,0,0,0,0
XIJI,2020-01-24,0,697,697,697,300,209100,0,0,0,0
XIPI,2020-01-24,0,182,182,182,100,18200,0,0,0,0
XISB,2020-01-24,0,0,0,398,0,0,0,0,0,0
XISC,2020-01-24,0,0,0,721,0,0,0,0,0,0
XISI,2020-01-24,0,0,0,344,0,0,0,0,0,0
XISR,2020-01-24,0,415,415,415,300,124500,0,0,0,0
XKIV,2020-01-24,0,0,0,483,0,0,0,0,0,0
XMIG,2020-01-24,0,0,0,179,0,0,0,0,0,0
XMJM,2020-01-24,0,0,0,1000,0,0,0,0,0,0
XMTS,2020-01-24,0,0,0,499,0,0,0,0,0,0
XNVE,2020-01-24,0,0,0,162,0,0,0,0,0,0
XPCR,2020-01-24,0,0,0,955,0,0,0,0,0,0
XPDV,2020-01-24,0,485,485,485,1000,485000,0,0,0,0
XPES,2020-01-24,0,424,424,424,300,127200,0,0,0,0
XPFT,2020-01-24,0,0,0,564,0,0,0,0,0,0
XPID,2020-01-24,0,0,0,556,0,0,0,0,0,0
XPLC,2020-01-24,0,501,501,501,1000,501000,0,0,0,0
XPLQ,2020-01-24,0,508,508,508,600,304800,0,0,0,0
XPMI,2020-01-24,0,1000,1000,1000,2000,2000000,0,0,0,0
XPSG,2020-01-24,0,0,0,460,0,0,0,0,0,0
XPTD,2020-01-24,0,0,0,544,0,0,0,0,0,0
XSBC,2020-01-24,0,115,115,115,900,103500,0,0,0,0
XSPI,2020-01-24,0,0,0,750,0,0,0,0,0,0
XSSI,2020-01-24,0,0,0,97,0,0,0,0,0,0
YELO,2020-01-24,0,83,73,74,7029800,548302200,0,0,0,0
YELO-W,2020-01-24,0,26,22,23,7326500,179220500,0,0,0,0
YPAS,2020-01-24,0,0,0,535,0,0,0,0,0,0
YULE,2020-01-24,0,220,220,220,1000,220000,0,0,0,0
ZBRA,2020-01-24,0,102,76,80,8323100,738670700,0,0,0,0
ZINC,2020-01-24,0,386,372,376,42613100,16184495400,0,0,0,0
ZONE,2020-01-24,0,500,498,498,304600,151694200,0,0,0,0
